method,scenario,environment_step,reward_mean,reward_std,samples
generator_sac,mission_energy_tight,100,0.10350375614219037,0.15357074553750033,300
generator_sac,mission_energy_tight,200,0.14897735373166066,0.1791256437443158,300
generator_sac,mission_energy_tight,300,0.11026843984979734,0.1505592674809153,300
generator_sac,mission_energy_tight,400,0.17762086007399158,0.17141163477147925,300
generator_sac,mission_energy_tight,500,0.058631699220945514,0.1198280829174229,300
generator_sac,mission_energy_tight,600,0.1949902758107025,0.17627634956753122,300
generator_sac,mission_energy_tight,700,0.08945000308151498,0.1383081826425292,300
generator_sac,mission_energy_tight,800,0.1484968605632541,0.17419310564830173,300
generator_sac,mission_energy_tight,900,0.1359380929559361,0.1596848536663366,300
generator_sac,mission_energy_tight,1000,0.15308576262068546,0.1690993342125344,300
generator_sac,mission_energy_tight,1100,0.12989479821576688,0.16549896401418268,300
generator_sac,mission_energy_tight,1200,0.11540384370301583,0.16019432118507757,300
generator_sac,mission_energy_tight,1300,0.16087841459490984,0.1599301796624003,300
generator_sac,mission_energy_tight,1400,0.08394857236021112,0.15645247438330379,300
generator_sac,mission_energy_tight,1500,0.17878940580030447,0.16886257057998041,300
generator_sac,mission_energy_tight,1600,0.11057236079639525,0.15261873468135073,300
generator_sac,mission_energy_tight,1700,0.14677953309766462,0.18043253422769778,300
generator_sac,mission_energy_tight,1800,0.09216959197672281,0.13242417195999162,300
generator_sac,mission_energy_tight,1900,0.19634893221580393,0.17686834866231962,300
generator_sac,mission_energy_tight,2000,0.05908673730103703,0.11978757969075968,300
generator_sac,mission_narrow,100,0.11729715600072024,0.15528649729114333,300
generator_sac,mission_narrow,200,0.21526218394497576,0.18812372072011233,300
generator_sac,mission_narrow,300,0.12417022190510908,0.16338475186655352,300
generator_sac,mission_narrow,400,0.18058550351501376,0.1841809385055043,300
generator_sac,mission_narrow,500,0.15266725809269108,0.18224437512141212,300
generator_sac,mission_narrow,600,0.15240766246768225,0.17065974128287226,300
generator_sac,mission_narrow,700,0.17664950935639584,0.1962075282805861,300
generator_sac,mission_narrow,800,0.14811400399135569,0.1685059081685757,300
generator_sac,mission_narrow,900,0.1877982528476924,0.19451991272554528,300
generator_sac,mission_narrow,1000,0.15744374224586663,0.1605662897774816,300
generator_sac,mission_narrow,1100,0.19045068620912312,0.1910157477191743,300
generator_sac,mission_narrow,1200,0.14748152929690186,0.16953541535304845,300
generator_sac,mission_narrow,1300,0.1862168138080422,0.17674565931683284,300
generator_sac,mission_narrow,1400,0.1267996297264934,0.17977997200461912,300
generator_sac,mission_narrow,1500,0.17893058346983867,0.17081166658051278,300
generator_sac,mission_narrow,1600,0.12485870252558953,0.1764028303993313,300
generator_sac,mission_narrow,1700,0.18708118328404336,0.17882345982213274,300
generator_sac,mission_narrow,1800,0.11705580216685813,0.16605801316373212,300
generator_sac,mission_narrow,1900,0.21759105710068127,0.18543401685394817,300
generator_sac,mission_narrow,2000,0.10341959095966007,0.16151980039242608,300
generator_sac,mission_obstacle,100,0.17864806720662416,0.16167630349212364,300
generator_sac,mission_obstacle,200,0.25680710425502246,2.0247581403558446,300
generator_sac,mission_obstacle,300,0.09695188893519134,0.10333810235842528,300
generator_sac,mission_obstacle,400,0.17131301989066605,0.1630759213127751,300
generator_sac,mission_obstacle,500,0.4683798666614416,2.981512064695225,300
generator_sac,mission_obstacle,600,0.36291865784777216,2.0136649744582793,300
generator_sac,mission_obstacle,700,0.03817651600189876,0.1421388179069579,300
generator_sac,mission_obstacle,800,0.13302031656729818,0.1443867529080502,300
generator_sac,mission_obstacle,900,0.18293951566812539,0.1641170606428196,300
generator_sac,mission_obstacle,1000,0.47879551675149257,2.981056814065746,300
generator_sac,mission_obstacle,1100,0.2559136828970011,2.0247693715081163,300
generator_sac,mission_obstacle,1200,0.09713079304397707,0.10353093051178663,300
generator_sac,mission_obstacle,1300,0.16969831397157853,0.1620880776640089,300
generator_sac,mission_obstacle,1400,0.46326588289971404,2.981914254019065,300
generator_sac,mission_obstacle,1500,0.36769090175135327,2.0139192709479747,300
generator_sac,mission_obstacle,1600,0.039650378612477395,0.14351236369500092,300
generator_sac,mission_obstacle,1700,0.1345483302025877,0.14398885119486518,300
generator_sac,mission_obstacle,1800,0.18043584756663403,0.1650448762993143,300
generator_sac,mission_obstacle,1900,0.4799842592447709,2.9809422514269017,300
generator_sac,mission_obstacle,2000,0.2523366175408868,2.0249923263876917,300
generator_sac,mission_open,100,0.32593360094556867,2.0244232392818335,300
generator_sac,mission_open,200,0.16160936326693995,0.17335926156336495,300
generator_sac,mission_open,300,0.5933776004325597,3.591182341610265,300
generator_sac,mission_open,400,0.16762315164735733,0.1700805996242061,300
generator_sac,mission_open,500,0.6499491270999276,3.5844473299132633,300
generator_sac,mission_open,600,0.15252709754895794,0.1692745259713093,300
generator_sac,mission_open,700,0.6671008036289874,3.5819428342416786,300
generator_sac,mission_open,800,0.0751005744345688,0.14452087913078068,300
generator_sac,mission_open,900,0.18039954461876845,0.16843972493408418,300
generator_sac,mission_open,1000,0.6176806518664988,3.588562413145088,300
generator_sac,mission_open,1100,0.17762086038752406,0.17141163378103702,300
generator_sac,mission_open,1200,0.5915713591067301,3.5916814716280614,300
generator_sac,mission_open,1300,0.1555182719096469,0.17131622060667792,300
generator_sac,mission_open,1400,0.6587835888318423,3.583270224006476,300
generator_sac,mission_open,1500,0.1476922750288899,0.16953871579410057,300
generator_sac,mission_open,1600,0.4632675496919626,2.9828156913136565,300
generator_sac,mission_open,1700,0.2864916000222827,2.0271915635901214,300
generator_sac,mission_open,1800,0.17042063559590226,0.17107336501531506,300
generator_sac,mission_open,1900,0.6107771744179596,3.5890326118860982,300
generator_sac,mission_open,2000,0.19321689244889204,0.1754728430033767,300
penalty_sac,mission_energy_tight,100,-0.4666623018352925,3.1609159393304727,300
penalty_sac,mission_energy_tight,200,-0.712198653743201,4.036183811844387,300
penalty_sac,mission_energy_tight,300,-0.49942902944222234,3.422064241265316,300
penalty_sac,mission_energy_tight,400,-0.48434749286180323,3.46459544369271,300
penalty_sac,mission_energy_tight,500,-0.48579469791768426,3.1777368684158844,300
penalty_sac,mission_energy_tight,600,-0.5341899799387081,3.411085587875328,300
penalty_sac,mission_energy_tight,700,-0.5770230290810662,4.20341058335122,300
penalty_sac,mission_energy_tight,800,-0.1367878517097122,2.4070252521797597,300
penalty_sac,mission_energy_tight,900,-0.4526553120579076,3.4485069850595207,300
penalty_sac,mission_energy_tight,1000,-0.7579854968865178,4.1835705658884805,300
penalty_sac,mission_energy_tight,1100,-0.632102333415436,3.604219903402902,300
penalty_sac,mission_energy_tight,1200,-0.5187015192938117,3.6451041156250734,300
penalty_sac,mission_energy_tight,1300,-0.4324584909866708,3.2408714425006844,300
penalty_sac,mission_energy_tight,1400,-0.7262695618581158,3.733776702845319,300
penalty_sac,mission_energy_tight,1500,-0.35453546632998906,3.0173254808295855,300
penalty_sac,mission_energy_tight,1600,-0.8921936652266781,4.711599720212605,300
penalty_sac,mission_energy_tight,1700,-0.39890395139564955,3.5924222063560953,300
penalty_sac,mission_energy_tight,1800,-0.5013903652100785,3.6341448975185537,300
penalty_sac,mission_energy_tight,1900,-0.6618620076116403,3.78592426666109,300
penalty_sac,mission_energy_tight,2000,-0.5230743685266722,3.4460528311290943,300
penalty_sac,mission_narrow,100,-0.6286466149925936,3.966933777874169,300
penalty_sac,mission_narrow,200,-0.5544593262954071,3.8037718854424383,300
penalty_sac,mission_narrow,300,-0.43446682872439474,3.4133858445101697,300
penalty_sac,mission_narrow,400,-0.5765243901498152,4.015240161444451,300
penalty_sac,mission_narrow,500,-0.40309295326572936,3.4120892402332594,300
penalty_sac,mission_narrow,600,-0.5590768769408557,4.222803264755658,300
penalty_sac,mission_narrow,700,-0.4366346816868304,3.6472068643670896,300
penalty_sac,mission_narrow,800,-0.2703033187523833,2.9723284926947953,300
penalty_sac,mission_narrow,900,-0.44265303550011725,3.788187155492359,300
penalty_sac,mission_narrow,1000,-0.44730186378022374,3.6408423302733546,300
penalty_sac,mission_narrow,1100,-0.5597138884946503,3.742652828843721,300
penalty_sac,mission_narrow,1200,-0.5078471771183327,4.004348139879321,300
penalty_sac,mission_narrow,1300,-0.62138100524171,4.175537072257363,300
penalty_sac,mission_narrow,1400,-0.7065362231200986,4.456988978427141,300
penalty_sac,mission_narrow,1500,-0.1297482654356783,2.3709942500902828,300
penalty_sac,mission_narrow,1600,-0.8437742164522909,4.826246755616483,300
penalty_sac,mission_narrow,1700,-0.28098729591947863,3.37950520673268,300
penalty_sac,mission_narrow,1800,-0.42927101976444515,3.6334037723697095,300
penalty_sac,mission_narrow,1900,-0.46356337795644414,3.7878416140176085,300
penalty_sac,mission_narrow,2000,-0.5016514487764749,3.7996960471682786,300
penalty_sac,mission_obstacle,100,-0.4166944854288433,3.1381462061546146,300
penalty_sac,mission_obstacle,200,-0.6112236539813894,4.014676011791381,300
penalty_sac,mission_obstacle,300,-0.43898771248246543,3.4204279427566266,300
penalty_sac,mission_obstacle,400,-0.35983887454144325,3.4482034487070776,300
penalty_sac,mission_obstacle,500,-0.4187107489501384,3.400040336918876,300
penalty_sac,mission_obstacle,600,-0.6087507056868409,4.229427513098374,300
penalty_sac,mission_obstacle,700,-0.5215556499313547,3.8177447198655363,300
penalty_sac,mission_obstacle,800,-0.3612364151321115,3.4421836903347955,300
penalty_sac,mission_obstacle,900,-0.4780687342964014,3.8583517039826924,300
penalty_sac,mission_obstacle,1000,-0.6726517177330927,4.180950292571259,300
penalty_sac,mission_obstacle,1100,-0.6620692218380688,4.128901551421905,300
penalty_sac,mission_obstacle,1200,-0.4162823177821718,3.393965376534049,300
penalty_sac,mission_obstacle,1300,-0.4678986722809742,3.6393054774963285,300
penalty_sac,mission_obstacle,1400,-0.4890636223752885,3.781748606985093,300
penalty_sac,mission_obstacle,1500,-0.15501407412017792,2.7155498886151195,300
penalty_sac,mission_obstacle,1600,-0.5372685137518829,3.81212001004251,300
penalty_sac,mission_obstacle,1700,-0.28628197504241787,3.3132078910486515,300
penalty_sac,mission_obstacle,1800,-0.5225328361575186,3.8063407902175923,300
penalty_sac,mission_obstacle,1900,-0.22339571314999943,2.6144832480993077,300
penalty_sac,mission_obstacle,2000,-0.5257646492231678,3.771723571068345,300
penalty_sac,mission_open,100,-0.4666623018352925,3.1609159393304727,300
penalty_sac,mission_open,200,-0.712198653743201,4.036183811844387,300
penalty_sac,mission_open,300,-0.500341165742253,3.4220795417568532,300
penalty_sac,mission_open,400,-0.4778395083968751,3.4652335483038232,300
penalty_sac,mission_open,500,-0.4900767538614942,3.1807756488219834,300
penalty_sac,mission_open,600,-0.5279153914301785,3.4178948474760973,300
penalty_sac,mission_open,700,-0.48479913877599795,3.412560019698181,300
penalty_sac,mission_open,800,-0.4277679308807773,2.948865910000128,300
penalty_sac,mission_open,900,-0.5518748311128496,2.9753686219748428,300
penalty_sac,mission_open,1000,-0.6956769427036383,4.035822048617993,300
penalty_sac,mission_open,1100,-0.7665395369827582,3.9782016795851534,300
penalty_sac,mission_open,1200,-0.5268457191502701,3.406020595315711,300
penalty_sac,mission_open,1300,-0.4320541867958891,2.9535413111905253,300
penalty_sac,mission_open,1400,-0.7454715007072534,3.952416772369466,300
penalty_sac,mission_open,1500,-0.23806088271420164,2.1114524714862912,300
penalty_sac,mission_open,1600,-0.8815257664596853,4.714008189353888,300
penalty_sac,mission_open,1700,-0.4793537893118029,3.1845571920264812,300
penalty_sac,mission_open,1800,-0.5181770660790507,3.435811174048295,300
penalty_sac,mission_open,1900,-0.5292048986011906,3.1698126990375513,300
penalty_sac,mission_open,2000,-0.6984453125278475,3.9985883431623526,300
sac,mission_energy_tight,100,-0.13332896850195913,0.8347560526364189,300
sac,mission_energy_tight,200,-0.312198653743201,1.318468851637596,300
sac,mission_energy_tight,300,-0.1653757754756744,1.0433455954074318,300
sac,mission_energy_tight,400,-0.22401201330911485,1.189860032914964,300
sac,mission_energy_tight,500,-0.16757511620271995,0.8464930358073559,300
sac,mission_energy_tight,600,-0.2165151893702665,1.0252075393038231,300
sac,mission_energy_tight,700,-0.12150140505664941,1.6802569020932423,300
sac,mission_energy_tight,800,-0.22129207292003167,1.0225153795324273,300
sac,mission_energy_tight,900,-0.1659429692683381,0.6184242219344719,300
sac,mission_energy_tight,1000,-0.24277550659210112,1.317728662624667,300
sac,mission_energy_tight,1100,-0.08769171378579386,1.5665384998091703,300
sac,mission_energy_tight,1200,-0.19062272565023666,1.0298543457115488,300
sac,mission_energy_tight,1300,-0.08954863274997221,1.5774439729336716,300
sac,mission_energy_tight,1400,-0.1417181199530508,0.6338110062580196,300
sac,mission_energy_tight,1500,-0.16448422174113816,1.046370366352845,300
sac,mission_energy_tight,1600,-0.2502777857694381,1.3419332465350715,300
sac,mission_energy_tight,1700,0.027346469200397638,1.326904772612075,300
sac,mission_energy_tight,1800,-0.19983561240311104,0.8568632188144681,300
sac,mission_energy_tight,1900,-0.19502364529913938,1.0431775074591012,300
sac,mission_energy_tight,2000,-0.17282295424109043,1.0237141877769524,300
sac,mission_narrow,100,-0.16197994832592685,1.1718214748637512,300
sac,mission_narrow,200,-0.15445932629540698,1.1757088315096422,300
sac,mission_narrow,300,-0.10192886747570461,1.0382835696970798,300
sac,mission_narrow,400,-0.15377632823102697,1.316231426122708,300
sac,mission_narrow,500,-0.10252145700468197,1.1882847094536155,300
sac,mission_narrow,600,-0.06830431668702207,1.1575672079566517,300
sac,mission_narrow,700,-0.09257283333516274,1.188947343632766,300
sac,mission_narrow,800,-0.07582511706512372,1.150679411526658,300
sac,mission_narrow,900,-0.11219245023264592,1.2876321580290744,300
sac,mission_narrow,1000,-0.14219628190975314,1.1769921837507005,300
sac,mission_narrow,1100,-0.14294965477323232,1.1580136584706247,300
sac,mission_narrow,1200,-0.09543822073135648,1.0134596594001901,300
sac,mission_narrow,1300,-0.1543007593464065,1.3088683130707872,300
sac,mission_narrow,1400,-0.01928287814928128,0.8713688453531603,300
sac,mission_narrow,1500,-0.11825292421074995,1.2991471296267423,300
sac,mission_narrow,1600,-0.24907350839377562,1.4263468906053902,300
sac,mission_narrow,1700,0.06409363963454019,0.8678052428015235,300
sac,mission_narrow,1800,0.02024906515816867,0.5967116942836157,300
sac,mission_narrow,1900,-0.11944931129284442,1.2812855306939055,300
sac,mission_narrow,2000,-0.1600226835960999,1.4282931461056814,300
sac,mission_obstacle,100,-0.08336115209550997,0.8353806609136567,300
sac,mission_obstacle,200,-0.21122365398138943,1.3169695462896778,300
sac,mission_obstacle,300,-0.10462049503307763,1.0449611731907682,300
sac,mission_obstacle,400,-0.09156870166543446,1.1584294301764184,300
sac,mission_obstacle,500,-0.06871230233943093,1.0563539641078776,300
sac,mission_obstacle,600,-0.09666917296307954,1.177238159635707,300
sac,mission_obstacle,700,-0.260000890703544,1.5292006344940359,300
sac,mission_obstacle,800,-0.0640943012548379,1.1581676708325241,300
sac,mission_obstacle,900,-0.059904753383054704,1.167765194788579,300
sac,mission_obstacle,1000,-0.10710716695055691,1.0111464238112804,300
sac,mission_obstacle,1100,-0.16758643668228101,1.1692419406467949,300
sac,mission_obstacle,1200,-0.17826123815503367,1.4230993695848966,300
sac,mission_obstacle,1300,-0.05292586609123964,1.1790178829708828,300
sac,mission_obstacle,1400,0.054826450122804786,0.8461210069061279,300
sac,mission_obstacle,1500,-0.07609861215863076,1.2744077012310024,300
sac,mission_obstacle,1600,-0.1128623982043461,1.1746508371639308,300
sac,mission_obstacle,1700,0.02503122041626547,1.1402027791666438,300
sac,mission_obstacle,1800,-0.010976630510094227,1.0166413823669245,300
sac,mission_obstacle,1900,-0.06905287347578333,1.1708553854947308,300
sac,mission_obstacle,2000,0.0353192726625528,0.8449135511573084,300
sac,mission_open,100,-0.13332896850195913,0.8347560526364189,300
sac,mission_open,200,-0.312198653743201,1.318468851637596,300
sac,mission_open,300,-0.16640351278452906,1.0432361374557042,300
sac,mission_open,400,-0.22212304154941645,1.1801454852672102,300
sac,mission_open,500,-0.17070085700987866,0.8420248798499899,300
sac,mission_open,600,-0.1332880905695204,1.03288146484631,300
sac,mission_open,700,-0.23639828936082685,1.314105557168322,300
sac,mission_open,800,-0.16939187875392056,0.8521579340724001,300
sac,mission_open,900,-0.13961008791334065,0.5994666488792663,300
sac,mission_open,1000,-0.2357828182375945,1.175312504254665,300
sac,mission_open,1100,-0.22537879829709861,0.8448278166645528,300
sac,mission_open,1200,-0.2600495043180038,1.3236764966427998,300
sac,mission_open,1300,-0.08404979435266326,1.5724640628858588,300
sac,mission_open,1400,-0.2629693514047803,1.323028737214594,300
sac,mission_open,1500,-0.1570972062985454,0.8539585782972935,300
sac,mission_open,1600,-0.13151623990892883,1.688194731869013,300
sac,mission_open,1700,-0.12878953569257784,0.8528490561772348,300
sac,mission_open,1800,-0.13587164667810256,0.8593353540421715,300
sac,mission_open,1900,-0.20574362718741654,1.0403411965549134,300
sac,mission_open,2000,-0.20937944872888523,1.1896906406863539,300
shield_sac,mission_energy_tight,100,0.17168013358767945,0.1703582839659565,300
shield_sac,mission_energy_tight,200,0.16465264445838462,0.1680370616442065,300
shield_sac,mission_energy_tight,300,0.18050591466064028,0.1685732135510143,300
shield_sac,mission_energy_tight,400,0.17137406822000537,0.16884831984628612,300
shield_sac,mission_energy_tight,500,0.1642258183633664,0.16471213627756665,300
shield_sac,mission_energy_tight,600,0.18115509147909323,0.1682260114299762,300
shield_sac,mission_energy_tight,700,0.16682687831055065,0.16939254394173278,300
shield_sac,mission_energy_tight,800,0.16796294868696396,0.16776603474243348,300
shield_sac,mission_energy_tight,900,0.18047290367763424,0.16841153757812566,300
shield_sac,mission_energy_tight,1000,0.1682790859674834,0.16903999753012225,300
shield_sac,mission_energy_tight,1100,0.17009571642368468,0.16704188600206937,300
shield_sac,mission_energy_tight,1200,0.16200598297661253,0.1751548957151876,300
shield_sac,mission_energy_tight,1300,0.17586834882812657,0.16607823723925233,300
shield_sac,mission_energy_tight,1400,0.17976753920227542,0.1653019301187238,300
shield_sac,mission_energy_tight,1500,0.15690866288414151,0.17726906555065172,300
shield_sac,mission_energy_tight,1600,0.17929651568506075,0.16252381484509185,300
shield_sac,mission_energy_tight,1700,0.17589322308248734,0.16169385014898002,300
shield_sac,mission_energy_tight,1800,0.15816588219616795,0.17866484894185047,300
shield_sac,mission_energy_tight,1900,0.18282745148629626,0.16449462696369593,300
shield_sac,mission_energy_tight,2000,0.16435627071586853,0.16186930769023136,300
shield_sac,mission_narrow,100,0.26203739662424624,0.1781554496516778,300
shield_sac,mission_narrow,200,0.2599228816774432,0.18042317845016578,300
shield_sac,mission_narrow,300,0.2558953039058836,0.18417386556733079,300
shield_sac,mission_narrow,400,0.24924512098293447,0.18669162105309053,300
shield_sac,mission_narrow,500,0.2532773405029596,0.1845377184248991,300
shield_sac,mission_narrow,600,0.2518595854338851,0.18242926209875,300
shield_sac,mission_narrow,700,0.2533939478351618,0.18402970726216966,300
shield_sac,mission_narrow,800,0.2457443314177011,0.1855802534975763,300
shield_sac,mission_narrow,900,0.2549403222223538,0.18346814297382497,300
shield_sac,mission_narrow,1000,0.25347937756561406,0.18413046705301375,300
shield_sac,mission_narrow,1100,0.2451507283587812,0.18636819923997514,300
shield_sac,mission_narrow,1200,0.24873227607759285,0.1879507888921015,300
shield_sac,mission_narrow,1300,0.25616065517847275,0.18389827856597127,300
shield_sac,mission_narrow,1400,0.2558608173945831,0.18474770793380413,300
shield_sac,mission_narrow,1500,0.2555561986829726,0.18503241061967096,300
shield_sac,mission_narrow,1600,0.25940647917726467,0.18315756282122575,300
shield_sac,mission_narrow,1700,0.26038245029093837,0.18175634316238498,300
shield_sac,mission_narrow,1800,0.26124101257085464,0.1811888703331638,300
shield_sac,mission_narrow,1900,0.26089183748121114,0.1812154102803141,300
shield_sac,mission_narrow,2000,0.25856469065202003,0.18248512805269138,300
shield_sac,mission_obstacle,100,0.16099238493375517,0.16853774818122075,300
shield_sac,mission_obstacle,200,0.17633546126251198,0.1612218233866808,300
shield_sac,mission_obstacle,300,0.16732024526441538,0.17074708898059018,300
shield_sac,mission_obstacle,400,0.1657320266324943,0.16139939084258156,300
shield_sac,mission_obstacle,500,0.166818615561189,0.16223006580490051,300
shield_sac,mission_obstacle,600,0.17417341169751124,0.1724460121537764,300
shield_sac,mission_obstacle,700,0.16367764163110843,0.1596932811127892,300
shield_sac,mission_obstacle,800,0.17628520617860227,0.16439590987855068,300
shield_sac,mission_obstacle,900,0.17233078843020558,0.1703758155242179,300
shield_sac,mission_obstacle,1000,0.1669174012058599,0.16144254395308533,300
shield_sac,mission_obstacle,1100,0.15422321363585864,0.16407807205236363,300
shield_sac,mission_obstacle,1200,0.1783203079004813,0.17151555753695177,300
shield_sac,mission_obstacle,1300,0.14337578656977712,0.15911379312215126,300
shield_sac,mission_obstacle,1400,0.17637711527570493,0.16521132043899556,300
shield_sac,mission_obstacle,1500,0.16229543826334503,0.16597371774820915,300
shield_sac,mission_obstacle,1600,0.17477404325432924,0.15822847563913342,300
shield_sac,mission_obstacle,1700,0.16130345006419963,0.17591060649729579,300
shield_sac,mission_obstacle,1800,0.18229787266225292,0.15843797810635213,300
shield_sac,mission_obstacle,1900,0.15805545112734015,0.15904294376120023,300
shield_sac,mission_obstacle,2000,0.17947726019932306,0.17422373239410413,300
shield_sac,mission_open,100,0.17168013358767945,0.1703582839659565,300
shield_sac,mission_open,200,0.16465264445838462,0.1680370616442065,300
shield_sac,mission_open,300,0.1805068804374025,0.1685720852506995,300
shield_sac,mission_open,400,0.17138157408074037,0.16886197410449466,300
shield_sac,mission_open,500,0.16422250038848557,0.1647188263930634,300
shield_sac,mission_open,600,0.18115509628627652,0.1682260146863485,300
shield_sac,mission_open,700,0.16683177895035553,0.16937499235661974,300
shield_sac,mission_open,800,0.16796109943784282,0.16777390024859837,300
shield_sac,mission_open,900,0.18047291082481023,0.1684115416833817,300
shield_sac,mission_open,1000,0.16827829346376713,0.1690088593068396,300
shield_sac,mission_open,1100,0.16942462829892505,0.1674593652985203,300
shield_sac,mission_open,1200,0.16275744379541274,0.17460815581542427,300
shield_sac,mission_open,1300,0.1761806001097762,0.16566628291879698,300
shield_sac,mission_open,1400,0.17863917965036546,0.1664114456480859,300
shield_sac,mission_open,1500,0.15765625155191482,0.1767520551846298,300
shield_sac,mission_open,1600,0.17970904673362142,0.16323968037800826,300
shield_sac,mission_open,1700,0.17421441590006045,0.16249153549715273,300
shield_sac,mission_open,1800,0.15964024948899047,0.17766303570421685,300
shield_sac,mission_open,1900,0.18347883552685088,0.16364465940127987,300
shield_sac,mission_open,2000,0.16237337086035677,0.16452849116219176,300
