certificate_manifest_hash,checkpoint,collision,energy_consumed,episodes,evidence_scope,geometry_hash,invalid_kappa_fallback_count,method,outbound_intervention,path_length,return_success,scenario_family,scenario_hash,scenario_id,seed,task_success,uncertified_task_publication_count
250b11899e3ec098e2bc7cc99caff4cff03868936d5c8e77fe8a077738304431,artifacts/checkpoints/mission_energy_tight/generator_sac/seed_0/checkpoint_latest.pt,0.0,2.7970777481452402,20,held-out synthetic empirical evaluation,3ccee83a1a6d2d48aab6c9ee479a4295fd5aaabd6b562038ca22c661e0ea428b,0,generator_sac,0.0,4.759256354546145,1.0,energy_tight,d161d28d36a83c47351a875b67a6dd71eef29e8ba590f45ca860f7d7208ea48d,energy_tight_heldout_003,0,1.0,0
250b11899e3ec098e2bc7cc99caff4cff03868936d5c8e77fe8a077738304431,not_applicable,0.0,2.7970766493040182,20,held-out synthetic empirical evaluation,3ccee83a1a6d2d48aab6c9ee479a4295fd5aaabd6b562038ca22c661e0ea428b,0,center_only,0.0,4.759481047616187,1.0,energy_tight,d161d28d36a83c47351a875b67a6dd71eef29e8ba590f45ca860f7d7208ea48d,energy_tight_heldout_003,0,1.0,0
250b11899e3ec098e2bc7cc99caff4cff03868936d5c8e77fe8a077738304431,artifacts/checkpoints/mission_energy_tight/shield_sac/seed_0/checkpoint_latest.pt,0.0,1.9712263362014741,20,held-out synthetic empirical evaluation,3ccee83a1a6d2d48aab6c9ee479a4295fd5aaabd6b562038ca22c661e0ea428b,0,shield_sac,0.5,3.0312800804373903,1.0,energy_tight,d161d28d36a83c47351a875b67a6dd71eef29e8ba590f45ca860f7d7208ea48d,energy_tight_heldout_003,0,0.0,0
8a6b8bd03b65aee9ceb7315388a92d2165b921940018b83b7c0cafebfd4fc31f,artifacts/checkpoints/mission_energy_tight/generator_sac/seed_0/checkpoint_latest.pt,0.0,2.6764831064999366,20,held-out synthetic empirical evaluation,3ccee83a1a6d2d48aab6c9ee479a4295fd5aaabd6b562038ca22c661e0ea428b,0,generator_sac,0.0,4.618606145821629,1.0,energy_tight,e484272113f419b0975b2fe93cfb58ba982d1e6ae256e7bffdd8d4da6de96193,energy_tight_heldout_007,0,0.0,0
8a6b8bd03b65aee9ceb7315388a92d2165b921940018b83b7c0cafebfd4fc31f,not_applicable,0.0,2.6764833689314655,20,held-out synthetic empirical evaluation,3ccee83a1a6d2d48aab6c9ee479a4295fd5aaabd6b562038ca22c661e0ea428b,0,center_only,0.0,4.6185576816685465,1.0,energy_tight,e484272113f419b0975b2fe93cfb58ba982d1e6ae256e7bffdd8d4da6de96193,energy_tight_heldout_007,0,0.0,0
8a6b8bd03b65aee9ceb7315388a92d2165b921940018b83b7c0cafebfd4fc31f,artifacts/checkpoints/mission_energy_tight/shield_sac/seed_0/checkpoint_latest.pt,0.0,1.9360414237823398,20,held-out synthetic empirical evaluation,3ccee83a1a6d2d48aab6c9ee479a4295fd5aaabd6b562038ca22c661e0ea428b,0,shield_sac,0.5,3.0399386668903494,1.0,energy_tight,e484272113f419b0975b2fe93cfb58ba982d1e6ae256e7bffdd8d4da6de96193,energy_tight_heldout_007,0,0.0,0
8c6eb12636013f4bd5c1f5ec9118983e517732c10c88f556aa630b0f1cf9d5ae,artifacts/checkpoints/mission_energy_tight/generator_sac/seed_0/checkpoint_latest.pt,0.0,2.684014370699294,20,held-out synthetic empirical evaluation,3ccee83a1a6d2d48aab6c9ee479a4295fd5aaabd6b562038ca22c661e0ea428b,0,generator_sac,0.0,4.377518835140606,1.0,energy_tight,f50b04026cbb24bc3e75fb2be4d8a3b1f342333dd318195ef3ef1ca9d99e87a0,energy_tight_heldout_011,0,0.0,0
8c6eb12636013f4bd5c1f5ec9118983e517732c10c88f556aa630b0f1cf9d5ae,not_applicable,0.0,2.684009427226401,20,held-out synthetic empirical evaluation,3ccee83a1a6d2d48aab6c9ee479a4295fd5aaabd6b562038ca22c661e0ea428b,0,center_only,0.0,4.3776708770621715,1.0,energy_tight,f50b04026cbb24bc3e75fb2be4d8a3b1f342333dd318195ef3ef1ca9d99e87a0,energy_tight_heldout_011,0,0.0,0
8c6eb12636013f4bd5c1f5ec9118983e517732c10c88f556aa630b0f1cf9d5ae,artifacts/checkpoints/mission_energy_tight/shield_sac/seed_0/checkpoint_latest.pt,0.0,1.9587354705149587,20,held-out synthetic empirical evaluation,3ccee83a1a6d2d48aab6c9ee479a4295fd5aaabd6b562038ca22c661e0ea428b,0,shield_sac,0.5,3.020169989528992,1.0,energy_tight,f50b04026cbb24bc3e75fb2be4d8a3b1f342333dd318195ef3ef1ca9d99e87a0,energy_tight_heldout_011,0,0.0,0
6dfa148a69affba95467c0d93a07bfbc376c74413c365cacaa5c6d4ef4d0a7a2,artifacts/checkpoints/mission_energy_tight/generator_sac/seed_0/checkpoint_latest.pt,0.0,2.6642700249867177,20,held-out synthetic empirical evaluation,3ccee83a1a6d2d48aab6c9ee479a4295fd5aaabd6b562038ca22c661e0ea428b,0,generator_sac,0.0,4.567346035268216,1.0,energy_tight,a436644bdde71b4995ada964a71f5709188154bc02e6135fa0f5f3ee76ca262c,energy_tight_heldout_015,0,0.0,0
6dfa148a69affba95467c0d93a07bfbc376c74413c365cacaa5c6d4ef4d0a7a2,not_applicable,0.0,2.6642650984652514,20,held-out synthetic empirical evaluation,3ccee83a1a6d2d48aab6c9ee479a4295fd5aaabd6b562038ca22c661e0ea428b,0,center_only,0.0,4.567228963814378,1.0,energy_tight,a436644bdde71b4995ada964a71f5709188154bc02e6135fa0f5f3ee76ca262c,energy_tight_heldout_015,0,0.0,0
6dfa148a69affba95467c0d93a07bfbc376c74413c365cacaa5c6d4ef4d0a7a2,artifacts/checkpoints/mission_energy_tight/shield_sac/seed_0/checkpoint_latest.pt,0.0,1.8519176907539012,20,held-out synthetic empirical evaluation,3ccee83a1a6d2d48aab6c9ee479a4295fd5aaabd6b562038ca22c661e0ea428b,0,shield_sac,0.5,3.0279112305835385,1.0,energy_tight,a436644bdde71b4995ada964a71f5709188154bc02e6135fa0f5f3ee76ca262c,energy_tight_heldout_015,0,0.0,0
6b835109cb0e1a6e763a194fa2f76851f0fd5a70cbe0bb51c426ddf51832a152,artifacts/checkpoints/mission_energy_tight/generator_sac/seed_0/checkpoint_latest.pt,0.0,2.5443728102179857,20,held-out synthetic empirical evaluation,3ccee83a1a6d2d48aab6c9ee479a4295fd5aaabd6b562038ca22c661e0ea428b,0,generator_sac,0.0,4.14062445048606,1.0,energy_tight,abb692661be4300e1394707adefb4cfea847e18881a1c06a3f1a279b4fc847a6,energy_tight_heldout_019,0,0.0,0
6b835109cb0e1a6e763a194fa2f76851f0fd5a70cbe0bb51c426ddf51832a152,not_applicable,0.0,2.544372019048068,20,held-out synthetic empirical evaluation,3ccee83a1a6d2d48aab6c9ee479a4295fd5aaabd6b562038ca22c661e0ea428b,0,center_only,0.0,4.1406782727118845,1.0,energy_tight,abb692661be4300e1394707adefb4cfea847e18881a1c06a3f1a279b4fc847a6,energy_tight_heldout_019,0,0.0,0
6b835109cb0e1a6e763a194fa2f76851f0fd5a70cbe0bb51c426ddf51832a152,artifacts/checkpoints/mission_energy_tight/shield_sac/seed_0/checkpoint_latest.pt,0.0,1.931819686047134,20,held-out synthetic empirical evaluation,3ccee83a1a6d2d48aab6c9ee479a4295fd5aaabd6b562038ca22c661e0ea428b,0,shield_sac,0.5,3.059212323316062,1.0,energy_tight,abb692661be4300e1394707adefb4cfea847e18881a1c06a3f1a279b4fc847a6,energy_tight_heldout_019,0,0.0,0
273d53550de37cdd98d2d1ce331ad6f0e64352c8dfa990f5ce0fddce61461135,artifacts/checkpoints/mission_narrow/generator_sac/seed_0/checkpoint_latest.pt,0.0,2.6414811549941613,20,held-out synthetic empirical evaluation,69fff90a0e9ea8da66fd9a7ac7fb41ebf3c53375b26d6b95b1006a17fee91567,0,generator_sac,0.019607843137254898,5.504282101349908,1.0,narrow,07a13883c2232b7d677a8cc0dad3b3d6c01d168e03bfb52447b66a73b951fd92,narrow_heldout_002,0,0.0,0
273d53550de37cdd98d2d1ce331ad6f0e64352c8dfa990f5ce0fddce61461135,not_applicable,0.0,2.641480002039515,20,held-out synthetic empirical evaluation,69fff90a0e9ea8da66fd9a7ac7fb41ebf3c53375b26d6b95b1006a17fee91567,0,center_only,0.019607843137254898,5.503039014494665,1.0,narrow,07a13883c2232b7d677a8cc0dad3b3d6c01d168e03bfb52447b66a73b951fd92,narrow_heldout_002,0,0.0,0
273d53550de37cdd98d2d1ce331ad6f0e64352c8dfa990f5ce0fddce61461135,artifacts/checkpoints/mission_narrow/shield_sac/seed_0/checkpoint_latest.pt,0.0,1.2903751321171244,20,held-out synthetic empirical evaluation,69fff90a0e9ea8da66fd9a7ac7fb41ebf3c53375b26d6b95b1006a17fee91567,0,shield_sac,0.5,2.9038480885008964,1.0,narrow,07a13883c2232b7d677a8cc0dad3b3d6c01d168e03bfb52447b66a73b951fd92,narrow_heldout_002,0,0.0,0
6e16c0ad6d79edbfc767f2bc3d5c0e0b75882db52a67926a0d0979221fb1d392,artifacts/checkpoints/mission_narrow/generator_sac/seed_0/checkpoint_latest.pt,0.0,2.550988851532308,20,held-out synthetic empirical evaluation,af43b3d8d0a9d2264874e5b6470ee96c1e2dfddd00eb254f61d3dcb6ad4b4546,0,generator_sac,0.020000000000000004,5.504801782567097,1.0,narrow,052c521930170730cd4e1239b95bb5a7887b484c6bd3a10f60e41ae5e49a9f30,narrow_heldout_006,0,0.0,0
6e16c0ad6d79edbfc767f2bc3d5c0e0b75882db52a67926a0d0979221fb1d392,not_applicable,0.0,2.5509878269901263,20,held-out synthetic empirical evaluation,af43b3d8d0a9d2264874e5b6470ee96c1e2dfddd00eb254f61d3dcb6ad4b4546,0,center_only,0.020000000000000004,5.503512391092481,1.0,narrow,052c521930170730cd4e1239b95bb5a7887b484c6bd3a10f60e41ae5e49a9f30,narrow_heldout_006,0,0.0,0
6e16c0ad6d79edbfc767f2bc3d5c0e0b75882db52a67926a0d0979221fb1d392,artifacts/checkpoints/mission_narrow/shield_sac/seed_0/checkpoint_latest.pt,0.0,1.2399508764125136,20,held-out synthetic empirical evaluation,af43b3d8d0a9d2264874e5b6470ee96c1e2dfddd00eb254f61d3dcb6ad4b4546,0,shield_sac,0.5,2.890165055497515,1.0,narrow,052c521930170730cd4e1239b95bb5a7887b484c6bd3a10f60e41ae5e49a9f30,narrow_heldout_006,0,0.0,0
be475728ca2f4c42dbd100d55da7ec0b740914bf71f756fcadc9e9e3b24cdab7,artifacts/checkpoints/mission_narrow/generator_sac/seed_0/checkpoint_latest.pt,0.0,2.64147386714187,20,held-out synthetic empirical evaluation,59bd012002926e5089ce5673dae88979c5ad3d1478367c5dcb311b6d12c02d50,0,generator_sac,0.019607843137254898,5.5044186246360205,1.0,narrow,5e55d12d1e6405dd5b27f653a0ed8550b883e5a012f27178148637b6d49e5625,narrow_heldout_010,0,0.0,0
be475728ca2f4c42dbd100d55da7ec0b740914bf71f756fcadc9e9e3b24cdab7,not_applicable,0.0,2.6414726720813944,20,held-out synthetic empirical evaluation,59bd012002926e5089ce5673dae88979c5ad3d1478367c5dcb311b6d12c02d50,0,center_only,0.019607843137254898,5.503247806981865,1.0,narrow,5e55d12d1e6405dd5b27f653a0ed8550b883e5a012f27178148637b6d49e5625,narrow_heldout_010,0,0.0,0
be475728ca2f4c42dbd100d55da7ec0b740914bf71f756fcadc9e9e3b24cdab7,artifacts/checkpoints/mission_narrow/shield_sac/seed_0/checkpoint_latest.pt,0.0,1.2903762465330204,20,held-out synthetic empirical evaluation,59bd012002926e5089ce5673dae88979c5ad3d1478367c5dcb311b6d12c02d50,0,shield_sac,0.5,2.906154839895478,1.0,narrow,5e55d12d1e6405dd5b27f653a0ed8550b883e5a012f27178148637b6d49e5625,narrow_heldout_010,0,0.0,0
5cb2b4f8a847e4d1d288fd500d546784cd37df57afaf8144b8978c3e4a494cc5,artifacts/checkpoints/mission_narrow/generator_sac/seed_0/checkpoint_latest.pt,0.0,2.5892258666069856,20,held-out synthetic empirical evaluation,610d7097cfc0f214a86619d606ff39817a07085150ca382251da60eb42edbd07,0,generator_sac,0.019607843137254898,5.5038896495312,1.0,narrow,7206b966bef5535dc2510e82e89603de78682c2b757fc0f26fdc8997275b4eeb,narrow_heldout_014,0,0.0,0
5cb2b4f8a847e4d1d288fd500d546784cd37df57afaf8144b8978c3e4a494cc5,not_applicable,0.0,2.589225318752682,20,held-out synthetic empirical evaluation,610d7097cfc0f214a86619d606ff39817a07085150ca382251da60eb42edbd07,0,center_only,0.019607843137254898,5.502669316180606,1.0,narrow,7206b966bef5535dc2510e82e89603de78682c2b757fc0f26fdc8997275b4eeb,narrow_heldout_014,0,0.0,0
5cb2b4f8a847e4d1d288fd500d546784cd37df57afaf8144b8978c3e4a494cc5,artifacts/checkpoints/mission_narrow/shield_sac/seed_0/checkpoint_latest.pt,0.0,1.2648558770494005,20,held-out synthetic empirical evaluation,610d7097cfc0f214a86619d606ff39817a07085150ca382251da60eb42edbd07,0,shield_sac,0.5,2.9049627154336486,1.0,narrow,7206b966bef5535dc2510e82e89603de78682c2b757fc0f26fdc8997275b4eeb,narrow_heldout_014,0,0.0,0
50c1a8dbc1551c5b61df5ac60921a1afeab9ac5ce28d1bf3fb799a5b9d20ebca,artifacts/checkpoints/mission_narrow/generator_sac/seed_0/checkpoint_latest.pt,0.0,2.5630789267192307,20,held-out synthetic empirical evaluation,0e1d9163f0ba88b869f8202647e89a00b3bb429cba56fa00854135639ddfd8b2,0,generator_sac,0.019607843137254898,5.503740365764902,1.0,narrow,27f1f4f5abfece4af4075390b8ea7a29e16e7671bf0862e5238e726269de833b,narrow_heldout_018,0,0.0,0
50c1a8dbc1551c5b61df5ac60921a1afeab9ac5ce28d1bf3fb799a5b9d20ebca,not_applicable,0.0,2.5630778502016485,20,held-out synthetic empirical evaluation,0e1d9163f0ba88b869f8202647e89a00b3bb429cba56fa00854135639ddfd8b2,0,center_only,0.019607843137254898,5.502507596265659,1.0,narrow,27f1f4f5abfece4af4075390b8ea7a29e16e7671bf0862e5238e726269de833b,narrow_heldout_018,0,0.0,0
50c1a8dbc1551c5b61df5ac60921a1afeab9ac5ce28d1bf3fb799a5b9d20ebca,artifacts/checkpoints/mission_narrow/shield_sac/seed_0/checkpoint_latest.pt,0.0,1.2399416125749663,20,held-out synthetic empirical evaluation,0e1d9163f0ba88b869f8202647e89a00b3bb429cba56fa00854135639ddfd8b2,0,shield_sac,0.5,2.896510016711601,1.0,narrow,27f1f4f5abfece4af4075390b8ea7a29e16e7671bf0862e5238e726269de833b,narrow_heldout_018,0,0.0,0
b18615851d5cc0773d3090b017ea276c4e2c873a87358c8c76126d9258c670e8,artifacts/checkpoints/mission_obstacle/generator_sac/seed_0/checkpoint_latest.pt,0.0,5.4443344716453,20,held-out synthetic empirical evaluation,54d6c03a7a964121a63aef357ebb2c9c69635c8172e93d913f93cb2567ed6b8c,0,generator_sac,0.0,10.133088783611212,1.0,obstacle,c0990c80d76175417d517fa9cce720f2bc949e65219e33cae460cfecfb43bd4f,obstacle_heldout_001,0,1.0,0
b18615851d5cc0773d3090b017ea276c4e2c873a87358c8c76126d9258c670e8,not_applicable,0.0,5.444339928663629,20,held-out synthetic empirical evaluation,54d6c03a7a964121a63aef357ebb2c9c69635c8172e93d913f93cb2567ed6b8c,0,center_only,0.0,10.134329951823997,1.0,obstacle,c0990c80d76175417d517fa9cce720f2bc949e65219e33cae460cfecfb43bd4f,obstacle_heldout_001,0,1.0,0
b18615851d5cc0773d3090b017ea276c4e2c873a87358c8c76126d9258c670e8,artifacts/checkpoints/mission_obstacle/shield_sac/seed_0/checkpoint_latest.pt,0.0,1.9721338605283563,20,held-out synthetic empirical evaluation,54d6c03a7a964121a63aef357ebb2c9c69635c8172e93d913f93cb2567ed6b8c,0,shield_sac,0.11111111111111112,3.036415721035985,1.0,obstacle,c0990c80d76175417d517fa9cce720f2bc949e65219e33cae460cfecfb43bd4f,obstacle_heldout_001,0,0.0,0
b39cbda0e09d9f73ac65990bb140e0c7e9836fc432350df9e5c993743e86b853,artifacts/checkpoints/mission_obstacle/generator_sac/seed_0/checkpoint_latest.pt,0.0,5.6368158589042086,20,held-out synthetic empirical evaluation,7f113836f100c4a2487dcec7ce3e411824b9df64d6bf15321ca9a3322b98d44e,0,generator_sac,0.0,10.299897129220208,1.0,obstacle,66114cf9af2fe55efa72fdf6635669383c6baee1c6e187f12996f4ba086921a3,obstacle_heldout_005,0,1.0,0
b39cbda0e09d9f73ac65990bb140e0c7e9836fc432350df9e5c993743e86b853,not_applicable,0.0,5.636821817719214,20,held-out synthetic empirical evaluation,7f113836f100c4a2487dcec7ce3e411824b9df64d6bf15321ca9a3322b98d44e,0,center_only,0.0,10.301637529665618,1.0,obstacle,66114cf9af2fe55efa72fdf6635669383c6baee1c6e187f12996f4ba086921a3,obstacle_heldout_005,0,1.0,0
b39cbda0e09d9f73ac65990bb140e0c7e9836fc432350df9e5c993743e86b853,artifacts/checkpoints/mission_obstacle/shield_sac/seed_0/checkpoint_latest.pt,0.0,1.984274658608132,20,held-out synthetic empirical evaluation,7f113836f100c4a2487dcec7ce3e411824b9df64d6bf15321ca9a3322b98d44e,0,shield_sac,0.14285714285714285,3.0479782276674587,1.0,obstacle,66114cf9af2fe55efa72fdf6635669383c6baee1c6e187f12996f4ba086921a3,obstacle_heldout_005,0,0.0,0
7490ba54ffd5caaa0f0b346eded69ca38faae715be5f1aa1def8e77b81c2e8ff,artifacts/checkpoints/mission_obstacle/generator_sac/seed_0/checkpoint_latest.pt,0.0,5.475200607543329,20,held-out synthetic empirical evaluation,3d13fdcd60eadf00f7c1aefe1e6e34a89f45ab051658667e6e15032a7aca61c0,0,generator_sac,0.0,9.939569242047046,1.0,obstacle,fa6a2b1679143a61f8f67ddc8574c24ab487f93e010ecb85889a7f4370c76b67,obstacle_heldout_009,0,1.0,0
7490ba54ffd5caaa0f0b346eded69ca38faae715be5f1aa1def8e77b81c2e8ff,not_applicable,0.0,5.475202966395227,20,held-out synthetic empirical evaluation,3d13fdcd60eadf00f7c1aefe1e6e34a89f45ab051658667e6e15032a7aca61c0,0,center_only,0.0,9.940808506987063,1.0,obstacle,fa6a2b1679143a61f8f67ddc8574c24ab487f93e010ecb85889a7f4370c76b67,obstacle_heldout_009,0,1.0,0
7490ba54ffd5caaa0f0b346eded69ca38faae715be5f1aa1def8e77b81c2e8ff,artifacts/checkpoints/mission_obstacle/shield_sac/seed_0/checkpoint_latest.pt,0.0,1.9924566836100652,20,held-out synthetic empirical evaluation,3d13fdcd60eadf00f7c1aefe1e6e34a89f45ab051658667e6e15032a7aca61c0,0,shield_sac,0.125,3.0156756535979463,1.0,obstacle,fa6a2b1679143a61f8f67ddc8574c24ab487f93e010ecb85889a7f4370c76b67,obstacle_heldout_009,0,0.0,0
2d971081b8c5ca41c21f3a8ac15a633d0dc0aa52a2803532a3e567e91d83e98c,artifacts/checkpoints/mission_obstacle/generator_sac/seed_0/checkpoint_latest.pt,0.0,5.450055882930608,20,held-out synthetic empirical evaluation,b76e3641b957104d6056062b7f95c21b1aa0fe4bc08b2e507ce958c33b91b7f0,0,generator_sac,0.0,9.86408425273004,1.0,obstacle,d087cc493a04e092347fc4db71d58a618ec467953ce8e1158f01d13738e2bb93,obstacle_heldout_013,0,1.0,0
2d971081b8c5ca41c21f3a8ac15a633d0dc0aa52a2803532a3e567e91d83e98c,not_applicable,0.0,5.450066669263213,20,held-out synthetic empirical evaluation,b76e3641b957104d6056062b7f95c21b1aa0fe4bc08b2e507ce958c33b91b7f0,0,center_only,0.0,9.865655999042412,1.0,obstacle,d087cc493a04e092347fc4db71d58a618ec467953ce8e1158f01d13738e2bb93,obstacle_heldout_013,0,1.0,0
2d971081b8c5ca41c21f3a8ac15a633d0dc0aa52a2803532a3e567e91d83e98c,artifacts/checkpoints/mission_obstacle/shield_sac/seed_0/checkpoint_latest.pt,0.0,2.0085059181593294,20,held-out synthetic empirical evaluation,b76e3641b957104d6056062b7f95c21b1aa0fe4bc08b2e507ce958c33b91b7f0,0,shield_sac,0.14285714285714285,3.0320132088560157,1.0,obstacle,d087cc493a04e092347fc4db71d58a618ec467953ce8e1158f01d13738e2bb93,obstacle_heldout_013,0,0.0,0
d42432faff6343071505d7233dd737ecaeac0f05932efe99f11c92a96709ebb1,artifacts/checkpoints/mission_obstacle/generator_sac/seed_0/checkpoint_latest.pt,0.0,5.580507411209775,20,held-out synthetic empirical evaluation,31c9c196d9198bc51bccf9507d5a96b8c3b9a77391ccdfb9bb74cb6f0a3e668a,0,generator_sac,0.0,10.082758859905852,1.0,obstacle,2db8349d3d78f70c80c4487ec9e8439ad676763e1dec21a0c2b78a8efea1a185,obstacle_heldout_017,0,1.0,0
d42432faff6343071505d7233dd737ecaeac0f05932efe99f11c92a96709ebb1,not_applicable,0.0,5.58051104467545,20,held-out synthetic empirical evaluation,31c9c196d9198bc51bccf9507d5a96b8c3b9a77391ccdfb9bb74cb6f0a3e668a,0,center_only,0.0,10.084363983588393,1.0,obstacle,2db8349d3d78f70c80c4487ec9e8439ad676763e1dec21a0c2b78a8efea1a185,obstacle_heldout_017,0,1.0,0
d42432faff6343071505d7233dd737ecaeac0f05932efe99f11c92a96709ebb1,artifacts/checkpoints/mission_obstacle/shield_sac/seed_0/checkpoint_latest.pt,0.0,2.01288876068933,20,held-out synthetic empirical evaluation,31c9c196d9198bc51bccf9507d5a96b8c3b9a77391ccdfb9bb74cb6f0a3e668a,0,shield_sac,0.14285714285714285,3.031059272990988,1.0,obstacle,2db8349d3d78f70c80c4487ec9e8439ad676763e1dec21a0c2b78a8efea1a185,obstacle_heldout_017,0,0.0,0
ea724ac8fba8cca0b3c27bec3c7c7a0f859d7e656a0464c09c94a510b309df3c,artifacts/checkpoints/mission_open/generator_sac/seed_0/checkpoint_latest.pt,0.0,2.851037636769976,20,held-out synthetic empirical evaluation,3ccee83a1a6d2d48aab6c9ee479a4295fd5aaabd6b562038ca22c661e0ea428b,0,generator_sac,0.0,4.863397889873053,1.0,open,1801851c6a0417a7e6f12a506394464435bfd353024a8abd8df27b1ba8efb6de,open_heldout_000,0,1.0,0
ea724ac8fba8cca0b3c27bec3c7c7a0f859d7e656a0464c09c94a510b309df3c,not_applicable,0.0,2.8510434760923005,20,held-out synthetic empirical evaluation,3ccee83a1a6d2d48aab6c9ee479a4295fd5aaabd6b562038ca22c661e0ea428b,0,center_only,0.0,4.863845140020293,1.0,open,1801851c6a0417a7e6f12a506394464435bfd353024a8abd8df27b1ba8efb6de,open_heldout_000,0,1.0,0
ea724ac8fba8cca0b3c27bec3c7c7a0f859d7e656a0464c09c94a510b309df3c,artifacts/checkpoints/mission_open/shield_sac/seed_0/checkpoint_latest.pt,0.0,2.003538015699219,20,held-out synthetic empirical evaluation,3ccee83a1a6d2d48aab6c9ee479a4295fd5aaabd6b562038ca22c661e0ea428b,0,shield_sac,0.5,3.0368382544366166,1.0,open,1801851c6a0417a7e6f12a506394464435bfd353024a8abd8df27b1ba8efb6de,open_heldout_000,0,0.0,0
e3b9a3bd5a64e8d667869a349099fefca108bd18ca2145f4a54188f76909cb69,artifacts/checkpoints/mission_open/generator_sac/seed_0/checkpoint_latest.pt,0.0,2.8888265406733558,20,held-out synthetic empirical evaluation,3ccee83a1a6d2d48aab6c9ee479a4295fd5aaabd6b562038ca22c661e0ea428b,0,generator_sac,0.0,4.977364212757591,1.0,open,fd21b7e83a71964e507b063a06c8a9631a124398767ffe17109d08204736f35e,open_heldout_004,0,1.0,0
e3b9a3bd5a64e8d667869a349099fefca108bd18ca2145f4a54188f76909cb69,not_applicable,0.0,2.8888323231166284,20,held-out synthetic empirical evaluation,3ccee83a1a6d2d48aab6c9ee479a4295fd5aaabd6b562038ca22c661e0ea428b,0,center_only,0.0,4.977588320127117,1.0,open,fd21b7e83a71964e507b063a06c8a9631a124398767ffe17109d08204736f35e,open_heldout_004,0,1.0,0
e3b9a3bd5a64e8d667869a349099fefca108bd18ca2145f4a54188f76909cb69,artifacts/checkpoints/mission_open/shield_sac/seed_0/checkpoint_latest.pt,0.0,2.003423935294434,20,held-out synthetic empirical evaluation,3ccee83a1a6d2d48aab6c9ee479a4295fd5aaabd6b562038ca22c661e0ea428b,0,shield_sac,0.33333333333333326,3.021698260512525,1.0,open,fd21b7e83a71964e507b063a06c8a9631a124398767ffe17109d08204736f35e,open_heldout_004,0,0.0,0
d79c31d5f13d2677b822cdb374c5f1236d32c37eac17e2a4cd5172588cbbbf05,artifacts/checkpoints/mission_open/generator_sac/seed_0/checkpoint_latest.pt,0.0,2.765753627917332,20,held-out synthetic empirical evaluation,3ccee83a1a6d2d48aab6c9ee479a4295fd5aaabd6b562038ca22c661e0ea428b,0,generator_sac,0.0,4.820456070006794,1.0,open,ba00297f3ec682d922646ef5825f43c9b9f53bd3e9f59e1464dd57ff23b882bc,open_heldout_008,0,1.0,0
d79c31d5f13d2677b822cdb374c5f1236d32c37eac17e2a4cd5172588cbbbf05,not_applicable,0.0,2.765748446612456,20,held-out synthetic empirical evaluation,3ccee83a1a6d2d48aab6c9ee479a4295fd5aaabd6b562038ca22c661e0ea428b,0,center_only,0.0,4.820127178920695,1.0,open,ba00297f3ec682d922646ef5825f43c9b9f53bd3e9f59e1464dd57ff23b882bc,open_heldout_008,0,1.0,0
d79c31d5f13d2677b822cdb374c5f1236d32c37eac17e2a4cd5172588cbbbf05,artifacts/checkpoints/mission_open/shield_sac/seed_0/checkpoint_latest.pt,0.0,1.9317973632808492,20,held-out synthetic empirical evaluation,3ccee83a1a6d2d48aab6c9ee479a4295fd5aaabd6b562038ca22c661e0ea428b,0,shield_sac,0.33333333333333326,3.0513662788122256,1.0,open,ba00297f3ec682d922646ef5825f43c9b9f53bd3e9f59e1464dd57ff23b882bc,open_heldout_008,0,0.0,0
5244b37cdbd87cbc68a3b25f186fac8939e86f6da532644a2f19681ded21abdc,artifacts/checkpoints/mission_open/generator_sac/seed_0/checkpoint_latest.pt,0.0,2.737724257194664,20,held-out synthetic empirical evaluation,3ccee83a1a6d2d48aab6c9ee479a4295fd5aaabd6b562038ca22c661e0ea428b,0,generator_sac,0.0,4.858864462347824,1.0,open,12bab5e08d1069a58a7691794e6499be1a9c52fbea79860a4c5751dfac1e3cdb,open_heldout_012,0,1.0,0
5244b37cdbd87cbc68a3b25f186fac8939e86f6da532644a2f19681ded21abdc,not_applicable,0.0,2.737729327003154,20,held-out synthetic empirical evaluation,3ccee83a1a6d2d48aab6c9ee479a4295fd5aaabd6b562038ca22c661e0ea428b,0,center_only,0.0,4.8592333572845,1.0,open,12bab5e08d1069a58a7691794e6499be1a9c52fbea79860a4c5751dfac1e3cdb,open_heldout_012,0,1.0,0
5244b37cdbd87cbc68a3b25f186fac8939e86f6da532644a2f19681ded21abdc,artifacts/checkpoints/mission_open/shield_sac/seed_0/checkpoint_latest.pt,0.0,1.864005890020934,20,held-out synthetic empirical evaluation,3ccee83a1a6d2d48aab6c9ee479a4295fd5aaabd6b562038ca22c661e0ea428b,0,shield_sac,0.33333333333333326,3.0380669903510182,1.0,open,12bab5e08d1069a58a7691794e6499be1a9c52fbea79860a4c5751dfac1e3cdb,open_heldout_012,0,0.0,0
90402116cf657a0d01b2c2bb682c23002d19e4f4704caa210ed142a8b1944bd0,artifacts/checkpoints/mission_open/generator_sac/seed_0/checkpoint_latest.pt,0.0,2.738315142084301,20,held-out synthetic empirical evaluation,3ccee83a1a6d2d48aab6c9ee479a4295fd5aaabd6b562038ca22c661e0ea428b,0,generator_sac,0.0,4.857879944427039,1.0,open,ea5e9d6d4430e5c9472ec13beb192fbdf15a672838457370b9d34e5f66611b29,open_heldout_016,0,1.0,0
90402116cf657a0d01b2c2bb682c23002d19e4f4704caa210ed142a8b1944bd0,not_applicable,0.0,2.738319962143514,20,held-out synthetic empirical evaluation,3ccee83a1a6d2d48aab6c9ee479a4295fd5aaabd6b562038ca22c661e0ea428b,0,center_only,0.0,4.858154626815096,1.0,open,ea5e9d6d4430e5c9472ec13beb192fbdf15a672838457370b9d34e5f66611b29,open_heldout_016,0,1.0,0
90402116cf657a0d01b2c2bb682c23002d19e4f4704caa210ed142a8b1944bd0,artifacts/checkpoints/mission_open/shield_sac/seed_0/checkpoint_latest.pt,0.0,1.9360212267092691,20,held-out synthetic empirical evaluation,3ccee83a1a6d2d48aab6c9ee479a4295fd5aaabd6b562038ca22c661e0ea428b,0,shield_sac,0.5,3.0455291814707897,1.0,open,ea5e9d6d4430e5c9472ec13beb192fbdf15a672838457370b9d34e5f66611b29,open_heldout_016,0,0.0,0
