collision,energy_depleted,episode_id,episode_length,episode_return,fraction_steps_progressing_to_task,mean_cos_center_goal,mean_cos_exec_goal,minimum_distance_to_task,outbound_acceptance_rate,outbound_fallback_rate,outbound_path_length,return_acceptance_rate,return_fallback_rate,return_path_length,return_success,task_success,terminal_energy,termination_reason,timeout,total_path_length
0,0,0,49,-17.386580792372484,0.7959183673469388,0.0,0.0733835322622498,0.22875339641245676,1.0,0.0,1.2791488993027627,0.0,1.0,0.0,0,0,4.902423659130502,VELOCITY_LIMIT,0,1.2791488993027627
1,0,1,37,-36.61833487364884,0.0,0.0,-0.03098487913026205,0.8006133020702861,1.0,0.0,0.9859266084670909,0.0,1.0,0.0,0,0,5.048125340881648,COLLISION,0,0.9859266084670909
1,0,2,44,-31.815072104967232,0.5,0.0,0.03354513979573047,0.636895203244089,1.0,0.0,1.0027824010792843,0.0,1.0,0.0,0,0,4.963869132390877,COLLISION,0,1.0027824010792843
1,0,3,43,-30.70813803164951,0.5348837209302325,0.0,0.11270801861806604,0.7870612216804775,1.0,0.0,1.259118568444494,0.0,1.0,0.0,0,0,4.974301001421129,COLLISION,0,1.259118568444494
0,0,4,60,-21.171151953606717,0.36666666666666664,0.0,0.04550355964749352,0.8014726046408306,1.0,0.0,1.1540828584230756,0.0,1.0,0.0,0,0,4.769799627111726,VELOCITY_LIMIT,0,1.1540828584230756
0,0,5,16,-17.75937903026603,1.0,0.0,0.2891455799938397,0.5597421840103964,1.0,0.0,0.4298373363070881,0.0,1.0,0.0,0,0,5.304280983793637,VELOCITY_LIMIT,0,0.4298373363070881
1,0,6,33,-37.10208209000518,0.15151515151515152,0.0,-0.24984145410739964,0.8011752319461103,1.0,0.0,0.9643185343011372,0.0,1.0,0.0,0,0,5.096533421405878,COLLISION,0,0.9643185343011372
1,0,7,24,-31.813163808630662,0.5,0.0,0.06873523551310627,0.6677877380686815,1.0,0.0,0.9470052281700329,0.0,1.0,0.0,0,0,5.204829793961905,COLLISION,0,0.9470052281700329
1,0,8,80,-34.412896934300086,0.3875,0.0,0.011805152065210534,0.4532132275227438,1.0,0.0,1.6163758052482107,0.0,1.0,0.0,0,0,4.5257887566354285,COLLISION,0,1.6163758052482107
1,0,9,28,-35.06918020532243,0.0,0.0,-0.1298295752802331,0.8028281343817075,1.0,0.0,0.5173874430469898,0.0,1.0,0.0,0,0,5.159678340028821,COLLISION,0,0.5173874430469898
0,0,10,42,-26.029929844443423,0.16666666666666666,0.0,-0.07748346079170926,0.8006686411267834,1.0,0.0,1.3179711683580642,0.0,1.0,0.0,0,0,4.986659847439475,VELOCITY_LIMIT,0,1.3179711683580642
1,0,11,40,-35.88502761231655,0.075,0.0,-0.12127069757648298,0.8002408762316027,1.0,0.0,0.6979458954993326,0.0,1.0,0.0,0,0,5.013620155739698,COLLISION,0,0.6979458954993326
1,0,12,74,-31.336541579741315,0.4594594594594595,0.0,0.020401754141252816,0.7131345173963255,1.0,0.0,1.190934830837296,0.0,1.0,0.0,0,0,4.601314774397372,COLLISION,0,1.190934830837296
1,0,13,51,-36.80310384193719,0.09803921568627451,0.0,-0.03365710701413013,0.79379699427213,1.0,0.0,1.0880991435055523,0.0,1.0,0.0,0,0,4.879181150256589,COLLISION,0,1.0880991435055523
1,0,14,30,-35.215240669479286,0.0,0.0,-0.11365337231464183,0.8021124737292604,1.0,0.0,0.5668454569831614,0.0,1.0,0.0,0,0,5.13529080786102,COLLISION,0,0.5668454569831614
0,0,15,111,-26.012814844984995,0.2882882882882883,0.0,0.03559798962953927,0.6428319975804421,1.0,0.0,2.4382667026493285,0.0,1.0,0.0,0,0,4.1467710019052,VELOCITY_LIMIT,0,2.4382667026493285
1,0,16,41,-34.19139057192779,0.21951219512195122,0.0,-0.04103497775951659,0.802073794134244,1.0,0.0,1.0854932381989038,0.0,1.0,0.0,0,0,4.999796370319394,COLLISION,0,1.0854932381989038
1,0,17,20,-35.0896308343953,0.1,0.0,-0.21887787911111017,0.7980234961789456,1.0,0.0,0.5172141407577222,0.0,1.0,0.0,0,0,5.256149978825414,COLLISION,0,0.5172141407577222
1,0,18,99,-16.811409606336866,0.42424242424242425,0.0,0.11502280520163088,0.10568440809996286,1.0,0.0,0.7267700040954137,1.0,0.0,1.9730250679112362,0,1,4.289764712878016,COLLISION,0,2.6997950720066517
1,0,19,45,-36.179653676015974,0.044444444444444446,0.0,-0.010337802760375974,0.7937898789160527,1.0,0.0,0.9675350026742875,0.0,1.0,0.0,0,0,4.952555357956921,COLLISION,0,0.9675350026742875
1,0,20,27,-34.926495206612834,0.0,0.0,-0.14611763840946995,0.8014561912937553,1.0,0.0,0.4942799234711107,0.0,1.0,0.0,0,0,5.172120181519754,COLLISION,0,0.4942799234711107
1,0,21,25,-35.12913087509639,0.0,0.0,-0.16289217942941428,0.8030722840924711,1.0,0.0,0.5484513171900746,0.0,1.0,0.0,0,0,5.195423875726068,COLLISION,0,0.5484513171900746
1,0,22,36,-35.14501482933379,0.19444444444444445,0.0,-0.07460777649892217,0.794478190839178,1.0,0.0,0.609770542396016,0.0,1.0,0.0,0,0,5.062666798884315,COLLISION,0,0.609770542396016
1,0,23,32,-32.24533793346637,0.28125,0.0,-0.05095160647870062,0.7791527681386774,1.0,0.0,0.9551029533037367,0.0,1.0,0.0,0,0,5.108476146400548,COLLISION,0,0.9551029533037367
1,0,24,75,-36.184182969536934,0.16,0.0,0.04520090179249063,0.8034973527338273,1.0,0.0,1.2828153681635834,0.0,1.0,0.0,0,0,4.5889314469454785,COLLISION,0,1.2828153681635834
1,0,25,27,-34.92133346523853,0.0,0.0,-0.138144215401552,0.8030244769988708,1.0,0.0,0.5089119448846751,0.0,1.0,0.0,0,0,5.171955451786382,COLLISION,0,0.5089119448846751
1,0,26,22,-36.434092322333434,0.0,0.0,-0.20505973304063788,0.8029263037153563,1.0,0.0,0.8199779289759532,0.0,1.0,0.0,0,0,5.2293511678267794,COLLISION,0,0.8199779289759532
1,0,27,20,-35.19449341420943,0.0,0.0,-0.28269220175929677,0.8001844700184876,1.0,0.0,0.5476044799123047,0.0,1.0,0.0,0,0,5.255770495959112,COLLISION,0,0.5476044799123047
0,0,28,41,-18.375455567148695,0.5609756097560976,0.0,0.18269545868410467,0.4299476936869126,1.0,0.0,1.2717513135541945,0.0,1.0,0.0,0,0,4.997888418151627,VELOCITY_LIMIT,0,1.2717513135541945
1,0,29,40,-31.304297795304173,0.4,0.0,0.06922980413443221,0.7675755179468513,1.0,0.0,1.0547852840989194,0.0,1.0,0.0,0,0,5.011449814690244,COLLISION,0,1.0547852840989194
0,0,30,62,-34.998201872903095,0.1774193548387097,0.0,-0.06397954469314454,0.7538990305712161,1.0,0.0,2.1721624949436706,0.0,1.0,0.0,0,0,4.74083235389602,VELOCITY_LIMIT,0,2.1721624949436706
1,0,31,19,-34.81721128146342,0.0,0.0,-0.39683978321804503,0.8030967688290095,1.0,0.0,0.4763606537024841,0.0,1.0,0.0,0,0,5.268619325213265,COLLISION,0,0.4763606537024841
1,0,32,70,-30.97333612609309,0.5428571428571428,0.0,0.03494276119645297,0.6134940160930321,1.0,0.0,1.4458199463053616,0.0,1.0,0.0,0,0,4.647697332129072,COLLISION,0,1.4458199463053616
1,0,33,39,-33.8871287352804,0.15384615384615385,0.0,-0.012429221026950764,0.7890719847279867,1.0,0.0,1.0197332388156914,0.0,1.0,0.0,0,0,5.023842579901626,COLLISION,0,1.0197332388156914
1,0,34,56,-31.73224735553161,0.6428571428571429,0.0,-0.008069101376030985,0.49609727069036175,1.0,0.0,1.4373677626868835,0.0,1.0,0.0,0,0,4.815710032533111,COLLISION,0,1.4373677626868835
1,0,35,44,-33.65256127922513,0.5681818181818182,0.0,-0.1554013815872177,0.6068912381963182,1.0,0.0,1.0105805904017282,0.0,1.0,0.0,0,0,4.964250267662295,COLLISION,0,1.0105805904017282
0,0,36,67,-20.019227648402467,0.5373134328358209,0.0,0.07397248522537425,0.6830833823378631,1.0,0.0,1.5655699437474226,0.0,1.0,0.0,0,0,4.683248738141972,VELOCITY_LIMIT,0,1.5655699437474226
1,0,37,53,-30.901530140453445,0.6226415094339622,0.0,0.015755303132474863,0.522076643416935,1.0,0.0,1.3034076803528087,0.0,1.0,0.0,0,0,4.8526731211116365,COLLISION,0,1.3034076803528087
0,0,38,66,-25.666650539209183,0.4090909090909091,0.0,-0.06663545318002528,0.5716667841649572,1.0,0.0,1.6440281408437507,0.0,1.0,0.0,0,0,4.6957028415123965,VELOCITY_LIMIT,0,1.6440281408437507
1,0,39,29,-36.2442347650469,0.0,0.0,-0.1845289084603176,0.8023074801634331,1.0,0.0,0.7630179414377523,0.0,1.0,0.0,0,0,5.145808431912292,COLLISION,0,0.7630179414377523
0,0,40,47,-21.62493086552232,0.6170212765957447,0.0,0.0863620073341879,0.24057919394688626,1.0,0.0,1.6791475463034566,0.0,1.0,0.0,0,0,4.923425593818151,VELOCITY_LIMIT,0,1.6791475463034566
0,0,41,56,-32.91232522970448,0.39285714285714285,0.0,-0.007326210429121615,0.37843003616328125,1.0,0.0,2.584985004062907,0.0,1.0,0.0,0,0,4.808115291558496,VELOCITY_LIMIT,0,2.584985004062907
